review,rating
"The headphones sound clear, the battery lasts all day, and the case feels durable.",5
"Delivery was late and the left earbud stopped working after two days.",1
"Good value for the price. Setup was easy and Bluetooth pairing was fast.",4
"BEST PRODUCT EVER!!! must buy must buy, trust me, five star quality.",5
"The build quality feels premium, but the noise cancellation is weaker than advertised.",3
"I returned it because the microphone sounded muffled during calls.",2
"Comfortable fit, reliable battery, and the app controls are useful.",5
"Packaging looked opened and the serial number sticker was missing.",2
"The sound is balanced and the charging speed is excellent.",5
"Average product. Nothing terrible, but nothing impressive either.",3
"This is the best ever, best ever, best ever, 100% recommended!!!",5
"The product works well for music, though gaming latency is noticeable.",4
